delay_min,city,markets_with_fills,fills,shares_2c_plus,gross_usd,net_usd_fee07,avg_gross_per_share
5.0,London,189,1783,29106.0,2914.34,2767.85,0.1561
5.0,NYC,248,2207,8766.0,567.81,533.8,0.0767
5.0,Paris,21,679,10166.0,344.71,310.89,0.0585
5.0,Seoul,36,354,0.0,0.0,0.0,
5.0,Shanghai,8,213,0.0,0.0,0.0,
15.0,London,79,608,6405.0,386.15,361.47,0.0844
15.0,NYC,110,750,0.0,0.0,0.0,
15.0,Paris,17,534,8303.0,349.01,325.22,0.0728
15.0,Seoul,28,240,0.0,0.0,0.0,
15.0,Shanghai,1,4,0.0,0.0,0.0,
60.0,London,31,161,30.0,4.92,4.63,0.1625
60.0,NYC,53,282,0.0,0.0,0.0,
60.0,Paris,9,117,3406.0,3.85,1.86,0.0161
60.0,Seoul,14,129,0.0,0.0,0.0,
