tf,remaining,train,bin_lo,n,mean_p,win_rate,ev_up,ev_down,se
15m,30,true,0.1,700,0.1195985671428571,0.08714285714285715,-0.03981327528299725,0.02509814471700262,0.010660272014208157
15m,600,true,0.15,2611,0.17261623937188836,0.1493680582152432,-0.03322710447541102,0.013269257837879304,0.006975836211273534
15m,30,true,0.85,757,0.8708877133421393,0.8784676354029062,-0.00027560895112208397,-0.01543545307265579,0.011875746459332898
15m,30,true,0.9,1197,0.9226783609022557,0.9331662489557226,0.005508499528320821,-0.015467276578612976,0.0072182239873706975
15m,120,true,0.05,2826,0.06903468471337576,0.0491861288039632,-0.02432964994590118,0.015367461872923975,0.004068019228676819
15m,600,true,0.55,3028,0.5699877734478203,0.5736459709379128,-0.013484621230432967,-0.02080101621061807,0.008987299694609641
15m,120,true,0.2,958,0.22117641649269307,0.18893528183716074,-0.044286413502686306,0.020195855808378266,0.012647408124576215
15m,30,true,0.25,493,0.26862069168357,0.2150101419878296,-0.06734878064056073,0.03987231875092008,0.018502824784625553
15m,600,true,0.0,258,0.03348837209302327,0.027131782945736434,-0.008618294573643426,0.004094883720930174,0.010114777220322326
15m,30,true,0.65,417,0.669786570743405,0.6858513189448441,0.0005970823741009851,-0.031532414028777225,0.022730792732346922
5m,60,true,0.95,2588,0.9781217156105144,0.9779752704791345,-0.0016310668817663548,-0.0013381766190064398,0.002884942040299604
5m,30,true,0.35,235,0.3686042212765957,0.37446808510638296,-0.010413648985516395,-0.022141376645090978,0.03157171763860286
5m,30,true,0.95,3832,0.9820621067327847,0.9846033402922756,0.0013192265954513366,-0.003763240523530412,0.001988983396711177
5m,30,true,0.5,234,0.5198290598290598,0.48717948717948717,-0.05010723094186537,0.015191914357279838,0.032675275844284486
5m,60,true,0.5,337,0.5215074480712166,0.5192878338278932,-0.01967342614954447,-0.015234197662897676,0.027216462740654503
5m,60,true,0.35,333,0.3694023873873874,0.3633633633633634,-0.022331441560655387,-0.01025339351260737,0.026356896148075622
5m,10,false,0.65,720,0.6709652708333335,0.7069444444444445,0.020539314997485885,-0.051419032224736164,0.016962949695733125
5m,240,false,0.3,3753,0.3210572515321093,0.31361577404742874,-0.02268576845742615,-0.007802813488065111,0.0075734421806145985
5m,10,false,0.25,707,0.26901272277227734,0.22772277227722773,-0.055041295818550086,0.027538605171549206,0.015771759234160073
5m,30,false,0.0,13172,0.014899944427573848,0.013969025204980261,-0.001951647930430686,-8.98094852435148e-05,0.0010225921827538042
5m,60,false,0.25,1626,0.2698198284132846,0.26199261992619927,-0.021604143114373264,-0.005949726140202515,0.010904722309778724
5m,30,false,0.15,1585,0.17052613375394288,0.16971608832807572,-0.01069426162300964,-0.009074170771275328,0.009428881655242879
5m,10,false,0.9,1780,0.9212629162921352,0.9157303370786517,-0.010595239035130002,0.00046991939183697786,0.006584297238931539
5m,60,false,0.45,1423,0.4693414891075189,0.46872803935347856,-0.018033839975387846,-0.0168069404673071,0.013228678584377653
5m,60,false,0.1,2248,0.12011963701067624,0.11209964412811388,-0.015405984494021694,0.0006340012711030536,0.006654050284846587
15m,30,false,0.8,244,0.8214057704918033,0.8278688524590164,-0.003790579101415158,-0.016716743035841405,0.024166602037645535
15m,300,false,0.5,530,0.5209414905660379,0.5452830188679245,0.006886193726549042,-0.041796862877224214,0.021629358463702394
15m,600,false,0.35,1201,0.3697784887593671,0.34221482098251454,-0.04386258222593124,0.01126475332777389,0.013690520045616135
5m,10,false,0.1,1158,0.11926340241796209,0.11053540587219343,-0.01606754005005655,0.001388453041480716,0.009214266268551026
15m,30,false,0.4,172,0.4195697209302325,0.38372093023255816,-0.05288187404415259,0.018815707351196066,0.03707936004675446
5m,30,false,0.55,963,0.5696282367601243,0.6012461059190031,0.014471053170538328,-0.0487646851472192,0.015778490887919012
5m,240,false,0.4,5146,0.4200977331908291,0.41333074232413525,-0.02380568457537839,-0.01027170284199068,0.006864527175357332
5m,60,false,0.9,3383,0.9216993777712084,0.9275790718297369,0.000841909102333227,-0.010917479014723785,0.0044561162813048115
5m,60,false,0.85,2257,0.871226453699602,0.872840053167922,-0.006225960485125822,-0.009453159421765741,0.007012562142615929
15m,300,false,0.35,597,0.3714505577889449,0.36180904522613067,-0.02596937328363166,-0.006686348158003199,0.01966653578663629
15m,300,false,0.95,2387,0.9760741566820298,0.9811478843736908,0.0034541142087888364,-0.006693341174533232,0.0027836913103955357
5m,240,false,0.7,2952,0.7188282791327918,0.7303523035230353,-0.002609969519767887,-0.025658018300254826,0.008167824214082449
5m,10,false,0.85,1151,0.8714396185925275,0.8748913987836664,-0.00437635599923092,-0.011279916381508716,0.009751759809907038
5m,60,false,0.65,1485,0.6692646626262625,0.67003367003367,-0.014711657589450734,-0.016249672404265704,0.012201687553840086
15m,600,false,0.95,200,0.96160001,0.97,0.00582462835660142,-0.010975351643398627,0.012062338081814825
5m,10,false,0.45,622,0.46932150964630237,0.4678456591639871,-0.018896019418700304,-0.015944318454069815,0.020006674865471055
15m,120,false,0.6,317,0.6214068927444797,0.6593059936908517,0.02144446962056748,-0.05435373227217663,0.026619269151111916
5m,240,false,0.8,1168,0.8188253518835626,0.8347602739726028,0.005564330256743532,-0.02630551392133672,0.010867175935660528
15m,600,false,0.5,1242,0.5199098188405805,0.5418679549114331,0.004499910811477079,-0.03941636133022816,0.014137781702182354
15m,120,false,0.75,400,0.7701200100000001,0.82,0.03750179206445343,-0.06225818793554632,0.01920937271229855
15m,30,false,0.3,158,0.31734805696202534,0.2468354430379747,-0.08566301980896741,0.055362208039133845,0.034302056171367924
15m,30,false,0.7,200,0.7187099899999998,0.77,0.03715289159482472,-0.06542712840517571,0.02975735203273302
15m,30,true,0.45,382,0.46892670157068045,0.44502617801047123,-0.04131943717277467,0.006481609947643772,0.02542713019570183
15m,60,true,0.9,1619,0.9227603483631873,0.9246448424953675,-0.003090250976279421,-0.006859239240639761,0.006560252303016775
15m,300,true,0.1,2495,0.12042845891783573,0.10180360721442885,-0.02602690210561033,0.011222801301203428,0.006053854260869463
15m,120,true,0.3,912,0.31912389802631574,0.26864035087719296,-0.06567884297225685,0.03528825132598879,0.014677554499781215
15m,300,true,0.9,3488,0.9207565914564211,0.9334862385321101,0.007636879752151932,-0.017822414399226112,0.004219116098735708
15m,300,true,0.85,2605,0.8706948145873332,0.8783109404990403,-0.0002506274170450684,-0.015482879240459324,0.006405396965639284
15m,300,true,0.25,1726,0.2690150631517967,0.2688296639629201,-0.013936387252837362,-0.013565588875084139,0.010671549437751648
15m,120,true,0.7,990,0.7187171696969693,0.7141414141414142,-0.018712962685655976,-0.009561451574545741,0.014359857584530402
15m,300,true,0.65,1570,0.6704248496815288,0.6624203821656051,-0.023457096451907654,-0.007448161420060126,0.011934524650573467
15m,120,true,0.8,1182,0.8197614170896794,0.8341793570219966,0.004089618935704559,-0.02474626092892987,0.010817833139050343
15m,60,true,0.45,488,0.47038730532786877,0.41188524590163933,-0.07592632736003732,0.04107779149242155,0.022279695146019397
15m,60,true,0.1,980,0.12076837244897964,0.08571428571428572,-0.042473872370407846,0.027634301098979984,0.008942409102125161
15m,120,true,0.4,777,0.41957013770913737,0.40797940797940796,-0.02862364624594322,-0.005442186786484289,0.017631002976329094
15m,300,true,0.45,1416,0.4699088947740109,0.4576271186440678,-0.029704575364899437,-0.005141023105013281,0.013239550269236325
15m,60,true,0.85,1046,0.8710621386233263,0.8938814531548758,0.014971685645125242,-0.03066694341797377,0.00952291193297393
15m,60,true,0.25,659,0.26980425037936284,0.21851289833080426,-0.0650685246813354,0.0375141794157818,0.016097437170260815
5m,120,true,0.65,596,0.6693943020134226,0.6828859060402684,-0.001985299139420433,-0.02896850719311202,0.01906157214143342
5m,10,true,0.0,4417,0.013071995924835707,0.009735114330993888,-0.00423555260461827,0.0024382105830653726,0.0014773470124331669
5m,240,true,0.45,1368,0.46983187134502874,0.4415204678362573,-0.045733894436831325,0.010888912580711473,0.013425671063572354
5m,120,true,0.85,755,0.870066227814569,0.8728476821192053,-0.005117456838671267,-0.010680365447943822,0.012124334128686048
5m,120,true,0.25,613,0.2693817243066885,0.25938009787928223,-0.023764829747957815,-0.003761576893145234,0.01770254784398859
5m,120,true,0.45,530,0.46983394339622647,0.46226415094339623,-0.02499201820263495,-0.009852433296974529,0.021656669446197027
5m,120,true,0.9,866,0.9198533464203237,0.941108545034642,0.01610937633256332,-0.02640102089607338,0.00799994597971233
5m,60,true,0.6,344,0.6206714970930235,0.6133720930232558,-0.023765703087484998,-0.009166894947949596,0.026256049608742785
15m,60,true,0.65,563,0.6696518738898752,0.7069271758436945,0.021805017712792155,-0.0527455861948463,0.019183193868423522
5m,240,true,0.65,1014,0.6682741597633144,0.6715976331360947,-0.01218032518145331,-0.018827271927013854,0.014748190552005843
5m,240,true,0.9,116,0.917672405172414,0.8879310344827587,-0.035015086725861615,0.02446765465344903,0.029288916416826828
5m,240,true,0.25,721,0.27021916088765613,0.2815533980582524,-0.0024554560837575824,-0.025123930424950206,0.016749814502051232
5m,120,true,0.1,696,0.12037499999999994,0.1206896551724138,-0.007084399046404962,-0.007713709391232734,0.01234813857643497
5m,60,true,0.75,436,0.7713899059633028,0.8142201834862385,0.03050013000825693,-0.055160425037614404,0.018626315376854892
5m,10,true,0.55,134,0.5684328134328359,0.6044776119402985,0.018886178864180547,-0.05320341815074457,0.04223993553209587
5m,10,true,0.15,226,0.17053537610619474,0.14601769911504425,-0.03439940221105425,0.014635951771246717,0.023489456367556283
5m,30,true,0.75,295,0.7689186305084748,0.7932203389830509,0.011878350250308744,-0.036725066698843525,0.023579783987643915
5m,240,true,0.1,162,0.12265432098765433,0.08024691358024691,-0.049927265432098786,0.034887549382715974,0.02134480976624888
5m,240,true,0.85,194,0.866134020618557,0.9123711340206185,0.03813648969072128,-0.0543377371134017,0.020300582469241102
5m,120,false,0.45,2382,0.4699840839630557,0.4890848026868178,0.0016780528627147948,-0.036523384584809394,0.010242255751695007
5m,120,false,0.9,3134,0.9205571585832806,0.9259731971920868,0.0003114133916553071,-0.010520663825957172,0.0046767505748499276
5m,120,false,0.25,2410,0.2696763327800838,0.2701244813278008,-0.013324475530370212,-0.014220772625804252,0.00904477671680867
5m,120,false,0.85,2640,0.8699428212121226,0.8738636363636364,-0.003985007473934659,-0.011826637776962195,0.006461599313149683
15m,120,false,0.95,4533,0.9846390911096502,0.9874255459960292,0.0017418033131126449,-0.003831106459645283,0.0016550224458828646
5m,240,false,0.2,1832,0.2225108820960696,0.2292576419213974,-0.005350613591975976,-0.01884413324263157,0.009820956548266892
15m,300,false,0.75,713,0.7706788288920062,0.8190743338008415,0.036038947448578856,-0.06075206236909167,0.014416737268800753
5m,120,false,0.1,2542,0.12067269118804107,0.11290322580645161,-0.015184283963390287,0.00035464679978857317,0.006276982272966315
15m,120,false,0.35,309,0.3690776569579289,0.3365695792880259,-0.04879469245677735,0.016221462883028573,0.026881647448281143
15m,300,false,0.6,569,0.6202231880492093,0.6151142355008787,-0.02158305242679842,-0.011365147330137326,0.02039800434710584
15m,30,false,0.2,200,0.21830995,0.155,-0.075242439848965,0.05137746015103495,0.02559052559053839
15m,60,false,0.0,5388,0.01009038864142531,0.010579064587973273,-0.00020326182247177172,-0.0011806137155677366,0.0013937997700134426
5m,120,false,0.65,2202,0.6699623356039965,0.6712079927338783,-0.014218340707841235,-0.0167096549676048,0.010011070693604691
15m,600,false,0.6,1118,0.6197924749552769,0.6377459749552773,0.0014717831477575327,-0.03443521685224327,0.014375056860231952
15m,600,false,0.75,928,0.7697371821120698,0.7769396551724138,-0.005190026366128482,-0.019594972486816582,0.013665667219451273
15m,60,false,0.15,327,0.17085619877675842,0.1926605504587156,0.01190521327350296,-0.03170349009041138,0.021809746071827972
5m,240,false,0.05,287,0.07634841463414632,0.07317073170731707,-0.008098900953652424,-0.0017435350999938752,0.01537190247869145
15m,120,false,0.5,276,0.5191412246376812,0.5434782608695652,0.006876715136512682,-0.0417973573272553,0.029982461106922306
15m,30,false,0.05,567,0.07014463844797177,0.08112874779541446,0.006436715948680959,-0.015531502746204382,0.011466297065269113
15m,60,false,0.55,226,0.5700619601769912,0.584070796460177,-0.0031333508228804097,-0.031151023389252075,0.03278598483640084
5m,30,true,0.6,234,0.6197393376068379,0.6324786324786325,-0.0037416480628133138,-0.0292202378064025,0.031517829165165843
15m,30,true,0.35,397,0.36972292191435774,0.3047858942065491,-0.08123514357682625,0.048638911838791,0.023102632304428224
15m,30,true,0.95,14812,0.9881336054549985,0.9913583580880367,0.002411251582802135,-0.0040382536832743255,0.0007605129571160793
15m,120,true,0.15,1375,0.1712501825454543,0.14327272727272727,-0.03789486779592443,0.018060042749529694,0.009448257285872622
15m,120,true,0.0,11506,0.014882064314271103,0.010516252390057362,-0.005384943725402022,0.0033466801230254218,0.0009509827693021808
15m,600,true,0.2,2516,0.2213569105723365,0.21899841017488075,-0.014410584259853369,-0.009693583464941844,0.0082450087641776
15m,600,true,0.05,1367,0.07397879882955379,0.051207022677395755,-0.0275500321741751,0.017993520130141015,0.005961646713217793
15m,300,true,0.75,1883,0.7701476409984062,0.7796070100902814,-0.002917472889531732,-0.02183621107328229,0.009552380120316796
15m,60,true,0.75,702,0.7703290669515679,0.7877492877492878,0.005049178601568515,-0.029791262993871238,0.015432988467828136
15m,120,true,0.55,789,0.5709049416983522,0.5576679340937896,-0.030370593017997254,-0.0038965778088720752,0.01768168083017478
15m,300,true,0.6,1562,0.6196338047375152,0.6113956466069143,-0.02472109645160947,-0.008244780190407641,0.012333163445015932
15m,60,true,0.6,582,0.6190704467353951,0.6134020618556701,-0.0221614503951889,-0.01082468063573893,0.020185564079162034
15m,30,true,0.5,355,0.5187042253521128,0.5098591549295775,-0.02630634366197197,-0.008616202816901269,0.026532085123969474
5m,60,true,0.25,365,0.2686246493150684,0.25753424657534246,-0.024828556085577644,-0.002647750606125862,0.022888075403162626
5m,240,true,0.6,1233,0.6190584030819134,0.6561232765612328,0.020571267268522417,-0.053558479690116415,0.013527345244203227
5m,120,true,0.75,649,0.7697504006163335,0.7873651771956857,0.005222335497077129,-0.03000721766162722,0.016061383356966275
5m,30,true,0.85,450,0.8704666622222224,0.9022222222222223,0.023877184201777993,-0.03963393579822182,0.014001371674916335
5m,30,true,0.9,700,0.921872851428572,0.9157142857142857,-0.0111859079502859,0.0011312234782867026,0.010500451191194544
5m,60,true,0.9,928,0.9224234870689656,0.9105603448275862,-0.016857775178017037,0.006868509304741782,0.009367968814769685
5m,30,true,0.65,266,0.6700413345864661,0.6804511278195489,-0.005052412190594852,-0.025871998656760403,0.0285907991975449
5m,10,true,0.4,135,0.41933333333333334,0.35555555555555557,-0.08080784444444444,0.04674771111111104,0.04119832812763301
5m,30,true,0.45,244,0.47057377049180327,0.4385245901639344,-0.04947510655737705,0.014623254098360652,0.031766358505932166
5m,60,true,0.45,308,0.47000323051948045,0.5097402597402597,0.02231523862760312,-0.0571588198139554,0.028484737730441766
5m,60,true,0.85,614,0.871123773615635,0.8680781758957655,-0.010890443033218455,-0.00479924759347955,0.013656944900729925
5m,10,true,0.8,194,0.8213866134020618,0.8762886597938144,0.04464654954691705,-0.06515754323658829,0.023638912148833825
5m,10,true,0.7,163,0.719693245398773,0.7730061349693251,0.03920737405276115,-0.06741840508834311,0.03280988649717847
5m,30,true,0.25,252,0.2698452182539682,0.27380952380952384,-0.009813049058326287,-0.017741660169437658,0.02808984087953864
5m,30,true,0.1,442,0.12015837556561085,0.13800904977375567,0.010463377584163231,-0.025237970832126377,0.016405671127554543
5m,60,true,0.1,574,0.11897213066202088,0.10278745644599303,-0.023509005950167722,0.008860342481887886,0.0126754031640694
5m,240,true,0.75,554,0.7675577851985563,0.7545126353790613,-0.025518734116777696,0.0005715655222123146,0.018284915091793245
5m,60,true,0.65,370,0.6701351351351347,0.7324324324324324,0.04683756688000989,-0.07775702771458555,0.0230143999782946
5m,10,true,0.3,162,0.3165370370370371,0.2037037037037037,-0.12796182796296304,0.09770483870370371,0.03164312036878539
5m,120,true,0.6,592,0.6195422347972975,0.6199324324324325,-0.01609498426671999,-0.01687537953698984,0.0199499463036448
5m,10,false,0.5,614,0.519027703583062,0.509771986970684,-0.02671653153350481,-0.008205098308748798,0.02017450370614662
5m,10,false,0.95,17559,0.9858009378665671,0.9893501907853522,0.00257760043165022,-0.0045209054059201035,0.0007746330909985644
5m,60,false,0.95,9449,0.9782142030902888,0.9810561964229019,0.0013643760863353747,-0.0043196105788906956,0.0014024507178486995
15m,300,false,0.9,1164,0.9219467285223367,0.947594501718213,0.020624177747860205,-0.030671368643892395,0.0065316544869157955
5m,30,false,0.05,3128,0.06850352461636823,0.07225063938618925,-0.0007031678130372775,-0.008197397352679336,0.004629166558089125
5m,120,false,0.6,2254,0.6194104361135758,0.6393078970718722,0.0034097755694916763,-0.03638514634710105,0.010114546041264405
15m,300,false,0.65,557,0.6712746750448831,0.703770197486535,0.01706273680989667,-0.04792830807340709,0.019346491320667004
5m,60,false,0.35,1451,0.36960304893177076,0.36181943487250173,-0.024079217809414483,-0.008511989690876371,0.01261490622273116
15m,600,false,0.45,1298,0.4696949129429887,0.4714946070878274,-0.015621280275185539,-0.01922066856486297,0.013855612541569485
15m,300,false,0.25,632,0.2688386091772153,0.2468354430379747,-0.0357495181665764,0.008256814111904789,0.017151028085683962
15m,300,false,0.85,862,0.8706380556844541,0.8874709976798144,0.008963937783590137,-0.024701946207130544,0.010763553801480518
15m,600,false,0.9,461,0.9178676681127982,0.9240780911062907,0.0009471104648823298,-0.011473735522102678,0.012336371338255206
15m,600,false,0.25,1027,0.27058907302823776,0.23563777994157742,-0.048753347773866335,0.021149238399454345,0.013243014237742618
15m,60,false,0.8,322,0.8197484844720497,0.8416149068322981,0.01153698474203186,-0.03219585997846491,0.02034632259034018
5m,120,false,0.75,2437,0.7706192412802608,0.7693885925318014,-0.013590153612488198,-0.011128856115569274,0.008532680813224851
5m,60,false,0.5,1412,0.5194603484419269,0.5240793201133145,-0.012839746931690224,-0.022077690274465392,0.013290718244736195
15m,600,false,0.85,610,0.8685819672131144,0.8934426229508197,0.016884305224687732,-0.03283700625072275,0.01249281120797071
15m,300,false,0.1,845,0.12113953017751483,0.1136094674556213,-0.014969515951247908,9.06094925392318e-05,0.010916702168005528
5m,10,false,0.35,654,0.36927828899082576,0.3241590214067278,-0.061409690662861297,0.028828844505334555,0.01830258542954382
15m,600,false,0.1,530,0.12251687735849055,0.11320754716981132,-0.016822512771429775,0.001796147605928753,0.01376292520694955
5m,30,false,0.2,1194,0.22017669597989953,0.19179229480737017,-0.04039062273637588,0.01637817960868286,0.011393965697750648
15m,60,false,0.7,228,0.7186710614035087,0.7456140350877193,0.012804677605821485,-0.041081269762599744,0.02884271820961029
15m,600,false,0.65,1091,0.6697864317140242,0.6810265811182401,-0.004227292667526439,-0.02670759147595827,0.01411064620501937
15m,300,false,0.45,556,0.46936869964028777,0.47302158273381295,-0.013766901749742957,-0.021072667936793323,0.02117383366369082
15m,60,false,0.3,231,0.3199263722943723,0.33766233766233766,0.002519836742561711,-0.032952093993368924,0.03111537553602408
15m,60,false,0.4,195,0.42025634871794865,0.37435897435897436,-0.06293779467463788,0.028856954043310745,0.03465687726739881
15m,300,true,0.2,1865,0.22124503538873963,0.19571045576407506,-0.03758233963466465,0.013486819614664467,0.009187001928464781
15m,600,true,0.6,3091,0.6197101193788427,0.6062762859915884,-0.02991646001856755,-0.0030487932440590795,0.008787828540362818
15m,300,true,0.05,3913,0.06995170125223618,0.04932277025300281,-0.025165649366889194,0.01609221263157753,0.003461667515095624
15m,60,true,0.05,1996,0.06828206763527053,0.056112224448897796,-0.016605488323596235,0.007734198049149211,0.005151202882864158
15m,600,true,0.75,2695,0.7691543573283836,0.7899814471243043,0.008412845573324066,-0.033241334018517414,0.007846173223769692
15m,60,true,0.2,665,0.22071127969924803,0.17443609022556392,-0.058302076164210334,0.03424830278315792,0.014715760087946162
15m,30,true,0.8,547,0.8197970731261424,0.870201096892139,0.04007855031261466,-0.06072949721937858,0.014369831022648905
15m,30,true,0.4,383,0.4181723237597912,0.39947780678851175,-0.03571113315926901,0.0016779007832898735,0.02502715437405017
5m,120,true,0.2,551,0.22150454990925583,0.21052631578947367,-0.02303533654391031,-0.0010788683043459913,0.01736785660646397
15m,30,true,0.7,411,0.7191240997566911,0.8004866180048662,0.06723805179148834,-0.09548698470486183,0.01971251979063926
5m,10,true,0.95,4708,0.9857090046729062,0.9904418011894648,0.0037539060219707104,-0.005711687011146404,0.0014180262922201673
5m,120,true,0.05,941,0.07121148034006383,0.057385759829968117,-0.018438928988097614,0.009212512032093886,0.007581833705414708
5m,240,true,0.2,428,0.22240654205607482,0.22429906542056074,-0.010200849643449824,-0.013985896372421721,0.020162250437181964
5m,10,true,0.35,134,0.36889544776119404,0.3880597014925373,0.002881305377638057,-0.03544720208504845,0.04209702453147293
15m,60,false,0.95,5422,0.988051088159363,0.9918849133161195,0.0030187281322744293,-0.004648922181238479,0.0012184212572068725
5m,240,false,0.65,3817,0.6688283811894172,0.6940005239717055,0.009681944398714863,-0.04066234116586173,0.007458975155763703
5m,120,false,0.05,3642,0.07085499505766064,0.06452498627127952,-0.010921233484494697,0.0017387840882675523,0.00407108420923125
5m,30,false,0.75,1195,0.769769886192469,0.7799163179916317,-0.0022446501739713156,-0.022537513772296812,0.01198488779670415
5m,120,false,0.2,2295,0.22119384662309327,0.220479302832244,-0.012760875625923165,-0.011331788044224675,0.008653790833924806
15m,60,false,0.5,173,0.5209017225433525,0.5028901734104047,-0.03546735045479599,0.0005557478110997938,0.038013660983569376
5m,240,false,0.45,5634,0.4704323611998599,0.46592119275825344,-0.021935564715825275,-0.012913227832612197,0.006645849218745456
15m,120,false,0.0,4357,0.012847370667890658,0.012852880422308928,-0.000873548834943402,-0.0008845683437799367,0.0017064650379288006
5m,10,false,0.7,736,0.7188818152173909,0.7364130434782609,0.0033994513016911213,-0.03166300522004877,0.01623991630586174
15m,120,false,0.55,280,0.5703858821428571,0.5928571428571429,0.005331933332984977,-0.03961058809558649,0.02936090397477134
5m,60,false,0.7,1575,0.7204482514285709,0.7403174603174603,0.005785076153764272,-0.03395334162401437,0.011048163483571575
5m,10,false,0.3,720,0.31863054999999996,0.25,-0.08381423296600202,0.0534468670339979,0.01613743060919757
5m,240,false,0.25,2793,0.27137768349445107,0.25671321160042965,-0.02849211920482407,0.000836824583218777,0.008265456581410651
5m,10,false,0.8,889,0.8193476377952756,0.8233970753655793,-0.006297548416584257,-0.01439642355719151,0.012789475234192285
5m,60,false,0.8,1998,0.820135177677678,0.8238238238238238,-0.006622573051240008,-0.013999865343531679,0.00852301045812616
15m,30,false,0.85,277,0.8698592563176897,0.8880866425992779,0.01031831763289324,-0.02613645493028329,0.01894212712219593
5m,60,false,0.4,1485,0.42014748888888953,0.4148148148148148,-0.022372158408850908,-0.011706810260701396,0.012785289427334747
5m,30,false,0.6,1040,0.6197750413461535,0.6557692307692308,0.019512731851343404,-0.052475646994811206,0.014732745669007386
5m,60,false,0.3,1534,0.3186923096479787,0.3109517601043025,-0.02292536793298968,-0.007444268845637279,0.011818398882515528
5m,240,false,0.1,545,0.12511006605504585,0.09357798165137615,-0.03918242398791087,0.023881744819428438,0.012475380746625235
5m,240,false,0.85,678,0.8674882168141587,0.8982300884955752,0.02270973287340998,-0.03877401048942304,0.011611508672567347
15m,120,false,0.15,539,0.17236364564007417,0.13543599257884972,-0.046895792381693925,0.026959513740754885,0.014739109340218477
5m,10,false,0.4,649,0.4188597580893679,0.4083204930662558,-0.027563432066806292,-0.006484902020582228,0.019293965781438622
15m,30,false,0.9,422,0.9213175545023693,0.9312796208530806,0.004902807479629862,-0.015021325221792708,0.012314778298541745
15m,30,false,0.45,149,0.46955713422818796,0.46308724832214765,-0.02388966973299246,-0.010949897920911902,0.040849818969275885
5m,240,false,0.9,295,0.917210183050847,0.9355932203389831,0.013081556770984944,-0.02368451780528718,0.014292174745822719
15m,30,false,0.25,150,0.2692266,0.23333333333333334,-0.049652260259929984,0.02213427307340325,0.03453393392871123
15m,30,false,0.1,246,0.12108945121951219,0.13008130081300814,0.0015547741754048565,-0.016428925011587072,0.02144762537235821
15m,60,false,0.35,222,0.36898190990990987,0.35585585585585583,-0.029409746048605117,-0.003157637940496987,0.03213306131260457
15m,30,false,0.65,148,0.6727160878378379,0.722972972972973,0.03485835968052981,-0.0656554105897405,0.03678673502511559
15m,30,true,0.3,439,0.31970842824601353,0.2938496583143508,-0.04106874879271059,0.010648791070614859,0.021740970247343543
5m,10,true,0.5,151,0.5192781125827812,0.423841059602649,-0.112897194428465,0.07797691153179949,0.04021464065688765
5m,240,true,0.05,77,0.07454545454545455,0.09090909090909091,0.011551818181818177,-0.02117545454545454,0.03276136227983851
15m,60,true,0.0,13265,0.012486621635884265,0.007990953637391633,-0.005352770182629613,0.0036385658143556782,0.0007730427199820217
15m,300,true,0.55,1480,0.5699601310810817,0.5763513513513514,-0.010752068227634484,-0.023534508768173937,0.012844455927448907
15m,120,true,0.75,1090,0.7704880752293584,0.7788990825688074,-0.003953998734769412,-0.020776013413667402,0.012569633633157901
15m,300,true,0.15,2461,0.1715847277529461,0.1548151158065827,-0.026701739279313026,0.00683748461341376,0.007291665454288767
15m,300,true,0.0,5313,0.022943912478825504,0.02051571616789008,-0.003989019311725832,0.000867373310145085,0.0019447875654100204
15m,120,true,0.6,787,0.6201448475222362,0.6264294790343075,-0.010191309492627924,-0.022760572516770442,0.017243881364478693
15m,60,true,0.15,952,0.17098739705882354,0.15231092436974789,-0.028579988524369646,0.008772956853781697,0.011645693233556598
5m,10,true,0.9,512,0.9220507792968753,0.923828125,-0.0032394258933595267,-0.0067941172996089485,0.011723517401848895
5m,120,true,0.15,727,0.17320495873452546,0.16918844566712518,-0.014020942120765007,-0.005987915985964477,0.013904949269779478
5m,60,true,0.8,524,0.82083588740458,0.8015267175572519,-0.0295885595652597,0.009029780129396524,0.01742386046079212
5m,120,true,0.55,537,0.5693836219739292,0.5586592178770949,-0.02787324634766903,-0.006424438154000463,0.021427592166809773
5m,60,true,0.4,360,0.4196611500000001,0.4027777777777778,-0.033917514417211816,-0.0001507699727672611,0.02584934125026598
5m,240,true,0.55,1347,0.5694038693392726,0.5649591685226429,-0.021593470512099824,-0.012704068878840583,0.01350795928104123
5m,10,true,0.45,115,0.47165217391304354,0.41739130434782606,-0.07169123478260878,0.03683050434782605,0.0459844778539593
15m,60,true,0.55,501,0.5703153672654692,0.6107784431137725,0.02332236221317371,-0.05760378948343295,0.02178318752077956
5m,240,true,0.15,358,0.17282124022346368,0.15083798882681565,-0.03197184130223384,0.011994661491062217,0.01891512134543582
5m,120,true,0.0,885,0.024613559322033875,0.0192090395480226,-0.007076783943502803,0.0037322556045198234,0.004613913170306135
5m,10,true,0.85,323,0.8713312662538701,0.8978328173374613,0.018667402316408753,-0.03433569985077365,0.0168520285179034
5m,30,true,0.3,251,0.31777288844621526,0.29880478087649404,-0.034129426313538956,0.003806788825903495,0.028891918651310817
5m,60,true,0.3,373,0.3203726675603216,0.34316353887399464,0.007564347282310422,-0.038017395345035676,0.024582428196500753
5m,10,true,0.1,327,0.11868501834862386,0.10397553516819572,-0.02201904602996921,0.007399920330887124,0.0168791914721761
5m,10,true,0.25,174,0.26844828160919537,0.22413793103448276,-0.05804310362528692,0.030577597524138245,0.031613699099037856
5m,10,true,0.65,180,0.6699999999999998,0.7388888888888889,0.05342752222222245,-0.08435025555555578,0.032739043864188966
5m,30,true,0.4,208,0.41919225961538475,0.3894230769230769,-0.04679870744902178,0.01273965793559393,0.033810326716936095
5m,30,true,0.7,247,0.7184575060728744,0.7449392712550608,0.012337163538064178,-0.04062636682630856,0.02773535674465352
5m,60,true,0.7,404,0.7196534603960395,0.7277227722772277,-0.006039708073266901,-0.022178331835643304,0.022146135873435977
5m,30,true,0.8,331,0.8206012145015105,0.8429003021148036,0.0120088559306489,-0.03258931929593736,0.020001463904851788
5m,120,false,0.15,2852,0.17245966234221627,0.16374474053295932,-0.018687545042390702,-0.0012577014238767132,0.00692912426948161
15m,30,false,0.95,5925,0.9899029480168896,0.9927426160337552,0.002149017670561318,-0.003530318363169957,0.0011027173451645682
5m,240,false,0.35,4473,0.370502112005366,0.3644086742678292,-0.022405964455499236,-0.010219088980425658,0.007195879543353786
5m,120,false,0.55,2239,0.570190259044218,0.586422510049129,-0.0009086957464525813,-0.033373197756274564,0.010407746748842135
15m,600,false,0.4,1193,0.4202204492875107,0.41408214585079633,-0.023177909826199935,-0.010901302952771304,0.014260718159668615
5m,240,false,0.5,5863,0.5193883864915523,0.5173119563363466,-0.019535854067568102,-0.015382993757156814,0.006526037749936416
15m,600,false,0.3,1056,0.3208702973484849,0.3087121212121212,-0.027397581324939982,-0.0030812290522125984,0.014215899770232791
15m,600,false,0.8,796,0.8195414987437181,0.842964824120603,0.013084459437874866,-0.03376219131589506,0.012895751774871456
15m,300,false,0.8,774,0.8210168966408264,0.8268733850129198,-0.004415734085361334,-0.016128710829548143,0.013599750632793027
15m,600,false,0.7,1159,0.7201259896462462,0.7385677308024159,0.0043478366335604115,-0.032535645678778986,0.012907229810471176
15m,300,false,0.3,617,0.3200259773095624,0.293354943273906,-0.04188969858720985,0.011452369484102953,0.018329675902434308
5m,120,false,0.0,3315,0.024006641025640808,0.021417797888386124,-0.004219610845653258,0.0009580754288560298,0.0025144574916319907
15m,60,false,0.9,612,0.9223235751633991,0.9183006535947712,-0.009024337010442675,-0.0009784938731868037,0.011071998715639804
15m,120,false,0.05,998,0.06831356012024058,0.08216432865731463,0.009413344413565387,-0.018288192660582674,0.00869278325480611
15m,120,false,0.2,366,0.2211830355191258,0.20491803278688525,-0.028310622161162265,0.004219383303318799,0.021098690337313153
15m,60,false,0.1,359,0.12014768245125346,0.1309192200557103,0.0033846562942607423,-0.01815841891465292,0.01780264587669217
15m,300,false,0.7,621,0.7213493913043476,0.7342995169082126,-0.001106132931181697,-0.027006384138911682,0.0177250305822311
15m,300,false,0.4,568,0.4198855633802815,0.397887323943662,-0.0390342659581094,0.004962212915129584,0.020537367239959633
15m,60,false,0.85,348,0.8699080747126441,0.8994252873563219,0.021609160535311926,-0.03742526475204366,0.0161226833692133
15m,60,false,0.25,224,0.269906325892857,0.24107142857142858,-0.0426150161319975,0.01505477851085935,0.028579150343666433
15m,30,false,0.5,130,0.5209846923076922,0.5076923076923077,-0.030748552510742207,-0.004163783279973184,0.043847710965810784
15m,60,false,0.45,193,0.4683938082901555,0.48704663212435234,0.0012371320859636444,-0.036068515582429975,0.03597870774051076
15m,60,false,0.65,223,0.6698520582959641,0.7085201793721974,0.023201657596153967,-0.05413458455631263,0.03043182005277706
15m,30,false,0.35,157,0.3699745350318471,0.3057324840764331,-0.08054488972176824,0.04793921218905975,0.03676921762416962
5m,240,false,0.95,78,0.9589743589743588,0.9871794871794872,0.025458076923077153,-0.030952179487179723,0.012738064937539467
5m,240,true,0.0,10,0.03400000000000001,0.0,-0.03629600000000001,0.03170400000000003,0.0
15m,600,true,0.5,3059,0.5193831268388351,0.5178162798300098,-0.01902619148868402,-0.015892497471033287,0.009034505431183271
15m,600,true,0.35,3020,0.3699072857615887,0.3754966887417219,-0.010712145861869037,-0.021890951822135418,0.008811847185640905
15m,120,true,0.45,706,0.4703356869688386,0.443342776203966,-0.04441747365962931,0.009568347870115929,0.01869654643056324
15m,120,true,0.65,864,0.6704733842592596,0.6435185185185185,-0.04240645001678068,0.011503281464701582,0.016294541336402044
15m,120,true,0.85,1521,0.8702958547008538,0.8770545693622617,-0.0011289922844170061,-0.01464642160723275,0.008419860515469372
15m,60,true,0.3,606,0.31834819306930695,0.2755775577557756,-0.05794685484438657,0.027594415782676227,0.018150206038395292
15m,60,true,0.7,613,0.7203099510603587,0.7455138662316476,0.011115181435563018,-0.03929264890701488,0.017592586190990234
15m,300,true,0.3,1690,0.31906449644970364,0.29467455621301775,-0.039583860922518116,0.00919601955085361,0.011089775186565657
15m,300,true,0.8,2157,0.8199851664348631,0.8270746407046824,-0.0032285735352768925,-0.017407522074915527,0.008142853535662213
15m,300,true,0.7,1830,0.7198349754098351,0.7344262295081967,0.0004886587513691747,-0.028693849445354015,0.010323836891012189
15m,120,true,0.1,1408,0.12030397798295465,0.11008522727272728,-0.01761398645028164,0.0028235149701731103,0.008341370319871796
15m,300,true,0.4,1451,0.418997242591317,0.4114403859407305,-0.02458363418612548,-0.009469920884952531,0.012918586046581006
15m,120,true,0.9,2308,0.9213006897746979,0.9298093587521664,0.0034480854929976905,-0.013569252461939293,0.005317636654377324
15m,60,true,0.4,488,0.4196782786885245,0.36065573770491804,-0.0760572350614753,0.04198784690573762,0.021737214848167846
15m,30,true,0.2,461,0.22071583731019528,0.1540130151843818,-0.07873084173058557,0.054674802521041385,0.016811640318282958
15m,60,true,0.8,795,0.8199509345911945,0.8238993710691824,-0.006371018612449956,-0.01426789156842581,0.013509335110239131
15m,120,true,0.25,1003,0.2699720867397808,0.22532402791625125,-0.05842972284247248,0.030866394804586576,0.013192081613904755
15m,600,true,0.95,393,0.959692111959288,0.9770992366412213,0.014707732493638114,-0.020106516870228453,0.007545674054536989
15m,30,true,0.05,1368,0.06786257529239775,0.05263157894736842,-0.01964173690102333,0.010820255789035452,0.0060372561544884676
5m,240,true,0.3,931,0.3206874360902256,0.3071965628356606,-0.028726248795906878,-0.0017445022867767779,0.01511953213581799
5m,60,true,0.55,323,0.5692260061919505,0.5541795665634675,-0.03219661300309608,-0.0021037337461299425,0.027656930480676755
5m,30,true,0.0,3436,0.015478755529685546,0.012223515715948778,-0.004315633528963693,0.0021948460985098395,0.0018745664131572487
5m,240,true,0.4,1160,0.4195353431034484,0.43189655172413793,-0.004670808325300396,-0.029393225566679476,0.014543689244436529
5m,120,true,0.8,679,0.8197349027982324,0.8306332842415317,0.0005695362185623373,-0.02122722666803637,0.014394076640900642
5m,120,true,0.3,555,0.3199243423423423,0.3117117117117117,-0.02342838546449186,-0.0070031242032305464,0.019661437104068383
5m,60,true,0.0,2282,0.01870596187554768,0.017090271691498685,-0.002892580180245158,0.00033880018785278215,0.002713147971047641
5m,240,true,0.7,827,0.718331328899637,0.7448609431680774,0.012381871623292691,-0.04067735691358803,0.015159096562736018
5m,240,true,0.8,370,0.8194054027027026,0.8324324324324325,0.002682903039469286,-0.023371156419990536,0.019416395820741797
5m,10,true,0.75,180,0.7702222166666669,0.8111111111111111,0.028515383131111266,-0.05326240575777716,0.029174749027122932
5m,60,true,0.15,516,0.17023256589147284,0.1434108527131783,-0.03669125203565156,0.0169521743209375,0.015429520937192898
5m,30,true,0.15,398,0.1717336783919598,0.13316582914572864,-0.0485054753597983,0.028630223132664105,0.01703032257973988
5m,10,true,0.6,155,0.618451606451613,0.6451612903225806,0.010207657965161612,-0.04321170977677362,0.03843118691492068
5m,30,true,0.55,215,0.5677766976744186,0.6093023255813953,0.02436011743071388,-0.05869113838323946,0.033274964513286244
5m,120,true,0.4,534,0.4201666779026215,0.4288389513108614,-0.008366408193816639,-0.025710955010296483,0.021416858893151904
5m,30,false,0.95,13980,0.9827596536480447,0.986552217453505,0.002617987004713186,-0.004967140606207264,0.0009741633617837724
5m,60,false,0.2,1616,0.22052780754950482,0.21658415841584158,-0.015963628722955016,-0.00807633045562848,0.010246813702388172
15m,300,false,0.55,540,0.5703537000000002,0.5518518518518518,-0.035641166463853055,0.0013625298324436846,0.021400561841860236
15m,300,false,0.0,2037,0.021315644084437837,0.016200294550810016,-0.006565647386724899,0.003665051680530722,0.0027971727263979202
5m,30,false,0.5,1016,0.519925178149607,0.515748031496063,-0.02163511966255787,-0.013280826355469726,0.01567861273039185
15m,60,false,0.75,304,0.76940125,0.8421052631578947,0.06029763255143584,-0.08511039376435346,0.020913668795763854
15m,300,false,0.15,827,0.17205195284159613,0.15356711003627568,-0.028438922841388308,0.00853076276925262,0.012536970852307617
5m,60,false,0.05,3960,0.06940805833333333,0.06767676767676768,-0.006235162658299471,-0.002772581345168194,0.003991677667903879
5m,120,false,0.4,2288,0.4199440625,0.4156468531468531,-0.02133448372823559,-0.012740065021941908,0.010303195296177606
5m,10,false,0.05,2179,0.06805919412574574,0.08077099586966498,0.008289351211902274,-0.017134252275936138,0.00583728587813534
15m,600,false,0.15,894,0.17370133221476522,0.16778523489932887,-0.015945653518558527,-0.004113458887685764,0.012497576939607773
5m,120,false,0.7,2318,0.7196307480586712,0.7286453839516824,-0.00509419537500346,-0.02312346716102589,0.009235703883758266
5m,120,false,0.3,2430,0.3198427469135804,0.3012345679012346,-0.03382192366873314,0.003394434355958445,0.009307112705594929
5m,120,false,0.8,2583,0.820177316298876,0.8261711188540457,-0.00431550319799877,-0.01630310830833813,0.007456478479972945
15m,600,false,0.55,1184,0.5695828749999995,0.5819256756756757,-0.004803782690548489,-0.029489384041900827,0.014334569573317048
5m,10,false,0.2,749,0.22117087850467276,0.2096128170894526,-0.023602976010295512,-0.0004868531798551401,0.014872636139659034
5m,30,false,0.35,1021,0.3699627326150832,0.34573947110675807,-0.040525484584502586,0.007921038432147674,0.01488459323575573
15m,60,false,0.6,221,0.6181719954751131,0.5927601809954751,-0.04191991592141219,0.008903713037863865,0.033049773845358635
5m,120,true,0.7,647,0.7206213137557957,0.7372488408037094,0.002549267660289293,-0.030705786435538115,0.01730323193659992
15m,600,false,0.0,111,0.032170783783783796,0.009009009009009009,-0.025335844978468573,0.020987704571080984,0.008968336074384397
15m,600,true,0.65,3141,0.6696017223814089,0.6701687360713149,-0.014905877052242708,-0.01603990443205465,0.00838888079548878
15m,120,true,0.95,12405,0.9827467931479177,0.984602982668279,0.0006810087431877339,-0.0030313702975347905,0.0011054789784460824
15m,30,true,0.0,14670,0.010928019495569626,0.0058623040218132244,-0.005817451404392823,0.004313979543120028,0.0006302928530976063
15m,120,true,0.35,816,0.36949142156862763,0.3247549019607843,-0.06103067310049037,0.028442366115196245,0.01639319097400886
15m,600,true,0.25,2990,0.2693518387959872,0.25986622073578597,-0.02324758988648753,-0.004276353766085114,0.008020370554502684
15m,600,true,0.85,1905,0.8685034104986881,0.8755905511811024,-0.000892968056427754,-0.015067249421256432,0.007561879040721058
15m,600,true,0.45,2900,0.469430005172413,0.4724137931034483,-0.014436571248236364,-0.020404147110306893,0.009270624745325506
15m,120,true,0.5,786,0.5192900763358783,0.5025445292620865,-0.03420480867684525,-0.0007137145292615867,0.01783417843129107
15m,30,true,0.15,669,0.17206278176382658,0.12855007473841554,-0.05346521083557537,0.033560203215246776,0.012940299448251131
15m,600,true,0.9,1361,0.9167597340191036,0.9213813372520205,-0.0007059420429095537,-0.009949148508743429,0.007295473248255855
15m,600,true,0.1,1668,0.1210851378896884,0.1157074340527578,-0.012813521306354637,-0.002058113632493329,0.00783214276468334
15m,30,true,0.55,321,0.569875386292835,0.5358255451713395,-0.05119445485918994,0.016905227383800958,0.027835550137242066
5m,30,true,0.05,862,0.06838747215777267,0.06380510440835267,-0.009025654360556811,0.00013908113828319316,0.008324481900350997
5m,30,true,0.2,236,0.22156780084745767,0.21610169491525424,-0.01752672049322008,-0.006594508628813231,0.02679186509868505
5m,60,true,0.2,403,0.22036727791563282,0.2704714640198511,0.0380899309376822,-0.062118441270754395,0.02212734692215547
5m,60,true,0.05,1069,0.06940038260056139,0.0608044901777362,-0.013098947668005696,0.004092837177644592,0.007308983423352761
15m,300,false,0.05,1328,0.07101731475903621,0.06099397590361446,-0.014624453050541891,0.005422224660301582,0.006567175517864784
15m,600,false,0.2,861,0.22190353310104524,0.21254355400696864,-0.02143361642758572,-0.002713658239432525,0.013942339849694705
5m,10,false,0.0,17020,0.012879395887191626,0.011574618096357226,-0.0021894938515943344,0.00042006173007455366,0.0008198709562945651
5m,60,false,0.15,2133,0.17093618706047792,0.17955930614158463,-0.001279041116337103,-0.018525279278550508,0.008310595187310022
5m,30,false,0.45,950,0.46988003473684187,0.4336842105263158,-0.053618510616803,0.018773137804249225,0.01607882609182131
5m,240,false,0.6,4743,0.6195030619860872,0.6213367067257011,-0.01465244922565568,-0.018319738704883466,0.007043095012136446
5m,30,false,0.85,1699,0.8708657816362563,0.8622719246615657,-0.016451736801146477,0.0007359771482347566,0.008360585118333376
5m,30,false,0.9,2689,0.9212993622164394,0.9074005206396429,-0.01896041743727949,0.008837265716313387,0.0055899559218376416
5m,60,false,0.0,8770,0.018577424971493964,0.017445838084378565,-0.0023991299159314395,-0.0001359561417006972,0.001398055369497772
5m,240,false,0.75,2064,0.7689408934108517,0.7843992248062015,0.003035819108910036,-0.027880843681789565,0.009051882136762763
5m,10,false,0.55,628,0.5697214076433119,0.5732484076433121,-0.013619194179769086,-0.020673194179769424,0.019736910956495914
5m,60,false,0.55,1371,0.5694537308533918,0.5988329686360321,0.012231021349617552,-0.046527454215663025,0.013237218607504594
5m,10,false,0.15,983,0.17057478840284845,0.14038657171922686,-0.0400743571326064,0.020302076234636784,0.011079945416724229
15m,120,false,0.3,339,0.3205693392330384,0.3480825958702065,0.012280973121084244,-0.04274554015325198,0.025872452196537898
15m,30,false,0.75,196,0.77008675,0.8520408163265306,0.0695763649730045,-0.09433176768005665,0.025361394375992868
5m,30,false,0.1,1697,0.1199622215674721,0.11255156157925751,-0.014788010821452792,3.330915497635253e-05,0.007671961346665582
5m,30,false,0.25,1063,0.2693386566321732,0.2427093132643462,-0.04039055727487112,0.012868129460782864,0.01314945933591929
15m,120,false,0.7,359,0.719921963788301,0.7520891364902507,0.018066207721628983,-0.046268137682270394,0.02278952181059162
5m,30,false,0.65,1046,0.6697552055449335,0.6864244741873805,0.001200955860440587,-0.032137581424453415,0.014345035164338821
15m,300,false,0.2,657,0.2207244992389649,0.1993911719939117,-0.03336014700997804,0.009306507480128363,0.01558764353376667
15m,120,false,0.8,454,0.8202533744493392,0.8502202643171806,0.01966042363224641,-0.04027335610343629,0.0167480531093938
15m,600,false,0.05,475,0.07511160421052629,0.06526315789473684,-0.014695125471895724,0.0050017671596832404,0.011332661518241818
15m,120,false,0.4,279,0.42052691756272415,0.32616487455197135,-0.1114060653369943,0.07731802068451128,0.028066826881293038
15m,30,false,0.6,172,0.6213372674418605,0.686046511627907,0.04825342151283139,-0.08116506685926163,0.035387119545332066
15m,60,true,0.95,13714,0.9860573844975712,0.9885518448301006,0.001541642866281967,-0.003447277798776882,0.0009084173212458815
15m,600,true,0.8,2420,0.8183140446280989,0.8359504132231405,0.0072434898877721515,-0.028029247302311017,0.007527835943334084
15m,600,true,0.4,2982,0.4195677404426559,0.4074446680080483,-0.029155962084606735,-0.0049098172153916216,0.008997978581395977
15m,300,true,0.95,6234,0.9728068647738359,0.981552775104267,0.006907707559176704,-0.010584113101685375,0.0017042721607511333
15m,300,true,0.35,1485,0.3695286208754205,0.33804713804713804,-0.04777589326733726,0.015187072389227632,0.012275492831083317
15m,600,true,0.3,3111,0.3198199945355204,0.32658309225329474,-0.008449897992797642,-0.021976093428346256,0.00840792542396346
15m,60,true,0.5,501,0.5180758483033934,0.5668662674650699,0.03132744734530921,-0.06625339097804375,0.022137697469521878
15m,30,true,0.75,473,0.77008456448203,0.7949260042283298,0.012462405836786228,-0.037220473655813414,0.018564706110241636
15m,300,true,0.5,1370,0.5201744562043802,0.5087591240875913,-0.028872826201240154,-0.0060421619676623295,0.013506507697365422
15m,600,true,0.7,2990,0.7190585351170575,0.7123745819397993,-0.020810438330397835,-0.007442531975881378,0.008278130048848632
15m,60,true,0.35,559,0.36935598389982127,0.32021466905187834,-0.06543320913005071,0.03284942056583515,0.01973334014741694
5m,10,true,0.05,572,0.06903846678321673,0.07692307692307693,0.0034030801087416756,-0.012366140170978712,0.011141643451967713
5m,120,true,0.5,598,0.5201003327759199,0.5183946488294314,-0.01916356642818355,-0.015752198535206527,0.020432679121389394
5m,240,true,0.35,1173,0.370367430520034,0.38277919863597615,-0.0038982256652127754,-0.028721761897097044,0.014192059897443744
5m,240,true,0.5,1526,0.5195072149410229,0.5045871559633027,-0.03237893106394951,-0.0025388131085091158,0.012798953461071285
5m,120,true,0.95,1072,0.9705083955223874,0.9794776119402985,0.006980251632463278,-0.010958181203358805,0.004330258390831881
5m,120,true,0.35,564,0.3697340443262413,0.3776595744680851,-0.008372195067730515,-0.02422325535141806,0.02041383988018105
5m,60,false,0.75,1722,0.7703908803716605,0.7903600464576074,0.007601720905120936,-0.03233661126677286,0.009809185395879773
5m,120,false,0.5,2356,0.519590006366723,0.5288624787775892,-0.00818652233831468,-0.02673146716004698,0.010283893759096926
15m,120,false,0.45,276,0.4706449637681158,0.5253623188405797,0.037291714848059904,-0.07214299529686788,0.030057719401023822
15m,120,false,0.9,878,0.9224623974943055,0.9236902050113895,-0.0037648737819681952,-0.00622048881613633,0.008959959664821267
5m,240,false,0.55,5302,0.5696854079592585,0.5720482836665409,-0.01478307637404731,-0.019508827788612192,0.006795068951523676
5m,120,false,0.95,4134,0.9704700062893188,0.9796806966618288,0.007219409086038684,-0.011201971658981293,0.0021943780285708426
5m,30,false,0.3,1009,0.31929133399405357,0.29732408325074333,-0.03716668045545196,0.006767821031168467,0.01438954281029266
5m,60,false,0.6,1494,0.6200568788487276,0.6258366800535475,-0.010697168269275664,-0.02225677067891549,0.01251946623360991
5m,10,false,0.75,771,0.7701673151750978,0.8067444876783398,0.024200695571220947,-0.04895364943526304,0.01422023454098831
15m,30,false,0.0,5780,0.008410210380622788,0.008304498269896194,-0.0006839085836216043,-0.0004724843621683805,0.0011936636037962866
5m,30,false,0.7,1103,0.7196672855847682,0.7524932003626473,0.018717863946941315,-0.046933965608816894,0.012994426023477394
15m,30,false,0.55,134,0.5698430970149255,0.5671641791044776,-0.019822106152919957,-0.014464270332024073,0.042801953945252366
15m,60,false,0.05,723,0.0685366666666667,0.0677731673582296,-0.005214828224314012,-0.003687829607439792,0.00934803957557882
5m,30,false,0.4,961,0.4190488803329863,0.4214360041623309,-0.014640124809396055,-0.01941437246808511,0.015928681405548872
5m,120,false,0.35,2305,0.3698754780911057,0.36616052060737525,-0.020015580100712516,-0.012585665133251534,0.01003436597622709
5m,240,false,0.15,1299,0.17473208622016925,0.15550423402617397,-0.02930517644328376,0.009150527944706777,0.010054610975451649
5m,10,false,0.6,665,0.6192225278195487,0.6481203007518797,0.01240734382480519,-0.045388202039856766,0.018518853490274302
15m,30,false,0.15,261,0.17192341762452112,0.14942528735632185,-0.03244709177062349,0.012549168765775028,0.022067240577910534
5m,30,false,0.8,1364,0.8201950784457495,0.8130498533724341,-0.017454131304740585,-0.0031636811581098132,0.01055636280529667
15m,120,false,0.25,367,0.2677192861035422,0.24795640326975477,-0.03347226281519585,0.006053502852379024,0.022541153726029522
15m,120,false,0.1,524,0.12054575,0.10687022900763359,-0.021084600095151694,0.006266441889581177,0.013496464278257956
15m,120,false,0.65,329,0.6691125562310029,0.6899696048632219,0.005372118997837566,-0.03634197826660052,0.025498766239187006
15m,120,false,0.85,515,0.8704428504854368,0.9184466019417475,0.04012374468728271,-0.05588375822533879,0.012059918475581789
15m,30,true,0.6,380,0.6193684210526318,0.6868421052631579,0.05098603157894718,-0.08396133684210508,0.02379130909988766
5m,10,true,0.2,158,0.22012658227848103,0.17721518987341772,-0.05491701265822787,0.030905772151898693,0.030378411549995918
15m,60,false,0.2,237,0.22107582278481022,0.19831223628691982,-0.03480456896998027,0.010722604025800468,0.025900205530504303
5m,240,false,0.0,44,0.03318181818181819,0.022727272727272728,-0.01269454545454546,0.008214545454545493,0.022467523936912755
5m,240,true,0.95,27,0.9588888888888889,0.9629629629629629,0.0013230740740740056,-0.0068250740740740095,0.036344694923159886
