tf,remaining,bin_lo,side,n_train,ev_train,n_test,ev_test,z_test
5m,10,0.95,Up,4708,0.0038,17559,0.0026,3.33
5m,120,0.95,Up,1072,0.007,4134,0.0072,3.29
15m,300,0.9,Up,3488,0.0076,1164,0.0206,3.16
15m,60,0.75,Up,702,0.005,304,0.0603,2.88
5m,30,0.95,Up,3832,0.0013,13980,0.0026,2.69
15m,60,0.95,Up,13714,0.0015,5422,0.003,2.48
15m,30,0.95,Up,14812,0.0024,5925,0.0021,1.95
15m,120,0.15,Down,1375,0.0181,539,0.027,1.83
5m,30,0.9,Down,700,0.0011,2689,0.0088,1.58
5m,10,0.05,Up,572,0.0034,2179,0.0083,1.42
15m,60,0.85,Up,1046,0.015,348,0.0216,1.34
15m,300,0.0,Down,5313,0.0009,2037,0.0037,1.31
15m,300,0.95,Up,6234,0.0069,2387,0.0035,1.24
15m,120,0.8,Up,1182,0.0041,454,0.0197,1.17
15m,120,0.95,Up,12405,0.0007,4533,0.0017,1.05
15m,600,0.8,Up,2420,0.0072,796,0.0131,1.01
15m,300,0.05,Down,3913,0.0161,1328,0.0054,0.83
15m,60,0.65,Up,563,0.0218,223,0.0232,0.76
15m,300,0.15,Down,2461,0.0068,827,0.0085,0.68
15m,300,0.3,Down,1690,0.0092,617,0.0115,0.62
15m,300,0.2,Down,1865,0.0135,657,0.0093,0.6
15m,120,0.35,Down,816,0.0284,309,0.0162,0.6
15m,30,0.15,Down,669,0.0336,261,0.0125,0.57
15m,60,0.25,Down,659,0.0375,224,0.0151,0.53
5m,10,0.0,Down,4417,0.0024,17020,0.0004,0.51
15m,120,0.1,Down,1408,0.0028,524,0.0063,0.46
15m,60,0.7,Up,613,0.0111,228,0.0128,0.44
15m,600,0.05,Down,1367,0.018,475,0.005,0.44
5m,120,0.05,Down,941,0.0092,3642,0.0017,0.43
15m,60,0.2,Down,665,0.0342,237,0.0107,0.41
15m,30,0.9,Up,1197,0.0055,422,0.0049,0.4
5m,120,0.0,Down,885,0.0037,3315,0.001,0.38
15m,120,0.25,Down,1003,0.0309,367,0.0061,0.27
15m,120,0.2,Down,958,0.0202,366,0.0042,0.2
5m,60,0.1,Down,574,0.0089,2248,0.0006,0.1
5m,120,0.9,Up,866,0.0161,3134,0.0003,0.07
15m,300,0.1,Down,2495,0.0112,845,0.0001,0.01
15m,300,0.7,Up,1830,0.0005,621,-0.0011,-0.06
5m,30,0.0,Down,3436,0.0022,13172,-0.0001,-0.09
15m,60,0.35,Down,559,0.0328,222,-0.0032,-0.1
15m,60,0.55,Up,501,0.0233,226,-0.0031,-0.1
5m,60,0.0,Down,2282,0.0003,8770,-0.0001,-0.1
15m,30,0.8,Up,547,0.0401,244,-0.0038,-0.16
5m,240,0.7,Up,827,0.0124,2952,-0.0026,-0.32
15m,600,0.15,Down,2611,0.0133,894,-0.0041,-0.33
15m,300,0.35,Down,1485,0.0152,597,-0.0067,-0.34
15m,600,0.75,Up,2695,0.0084,928,-0.0052,-0.38
15m,60,0.05,Down,1996,0.0077,723,-0.0037,-0.39
15m,30,0.0,Down,14670,0.0043,5780,-0.0005,-0.4
15m,120,0.9,Up,2308,0.0034,878,-0.0038,-0.42
15m,120,0.0,Down,11506,0.0033,4357,-0.0009,-0.52
5m,120,0.7,Up,647,0.0025,2318,-0.0051,-0.55
5m,120,0.8,Up,679,0.0006,2583,-0.0043,-0.58
5m,60,0.05,Down,1069,0.0041,3960,-0.0028,-0.69
15m,30,0.1,Down,700,0.0251,246,-0.0164,-0.77
15m,60,0.0,Down,13265,0.0036,5388,-0.0012,-0.85
15m,60,0.5,Up,501,0.0313,173,-0.0355,-0.93
15m,60,0.1,Down,980,0.0276,359,-0.0182,-1.02
15m,60,0.3,Down,606,0.0276,231,-0.033,-1.06
15m,30,0.05,Down,1368,0.0108,567,-0.0155,-1.35
15m,120,0.65,Down,864,0.0115,329,-0.0363,-1.43
15m,60,0.15,Down,952,0.0088,327,-0.0317,-1.45
5m,120,0.75,Up,649,0.0052,2437,-0.0136,-1.59
5m,60,0.8,Down,524,0.009,1998,-0.014,-1.64
15m,120,0.3,Down,912,0.0353,339,-0.0427,-1.65
5m,30,0.05,Down,862,0.0001,3128,-0.0082,-1.77
5m,240,0.45,Down,1368,0.0109,5634,-0.0129,-1.94
5m,240,0.6,Up,1233,0.0206,4743,-0.0147,-2.08
15m,120,0.05,Down,2826,0.0154,998,-0.0183,-2.1
5m,60,0.15,Down,516,0.017,2133,-0.0185,-2.23
15m,120,0.45,Down,706,0.0096,276,-0.0721,-2.4
5m,60,0.9,Down,928,0.0069,3383,-0.0109,-2.45
5m,240,0.75,Down,554,0.0006,2064,-0.0279,-3.08
